company,email,website,city,ad_signal
MainDuct Inc.,hello@mainduct.com,mainduct.com,"Brooklyn, NY",pixel
OS Air-Care & Chimney Cleaning,osaircare@gmail.com,os-air-care-chimneycleaning.com,"New York, NY",pixel
VENT CLEANERS Air Duct And Vent Cleaning Los Angeles,ventcleanersla@vent-cleaners.com,vent-cleaners.com,"Los Angeles, CA",pixel
Lowe's Air Duct Cleaning,,lowesair.com,"Chicago, IL",pixel
Mr. Duct,,mrductcleaning.com,"Chicago, IL",pixel
Air Flows Chicago - Belmont,info@airflowschicago.com,airflowschicago.com,"Chicago, IL",pixel
Angel's Duct Cleaning Services Chicago,,angelsductcleaning.com,"Chicago, IL",pixel
"Four Seasons Heating, Air Conditioning, Plumbing, Sewer & Electric",,fourseasonsheatingcooling.com,"Chicago, IL",pixel
Dr. Air Duct Cleaning,leads@drairducttx.com,drairducttx.com,"Dallas, TX",pixel
SafeAir Duct & Chimney,office@safeairductchimney.com,safeairductchimney.com,"Dallas, TX",pixel
Dryer Vent Superheroes of Dallas,,dryerventheroes.com,"Dallas, TX",pixel
Clean Air Houston Pro,,cleanairhoustonpro.com,"Houston, TX",pixel
AllDay Air Duct Cleaning & Dryer Vent Cleaning of Houston,,bestairducthouston.com,"Houston, TX",pixel
Space City Air Duct Cleaning,spacecityac@yahoo.com,airductcleaninghtx.com,"Richmond, TX",pixel
Atlantic Duct Cleaning,,atlanticductcleaning.com,"Fairfax, VA",pixel
AirWiz Duct Cleaning,,airwizcleanair.com,"Germantown, MD",pixel
E Cleaning Duct & Vent Cleaning,info@ecleaning-duct-vent-cleaning.com,ecleaning-duct-vent-cleaning.com,"King of Prussia, PA",pixel
Air Duct Dynasty - Air Duct Cleaning Philadelphia,service@airductdynasty.com,airductdynasty.com,"Huntingdon Valley, PA",pixel
Ace Duct Cleaning Inc,aceductcleaningnj@gmail.com,aceductcleaning.com,"Cherry Hill Township, NJ",pixel
Air of America Air Duct & Dryer Vent Cleaning Services,,airofamericaus.com,"Alpharetta, GA",pixel
Hurricane Air Duct Cleaning Services,hurricanellc15@gmail.com,hurricanellc.com,"Dunwoody, GA",pixel
Daffy Ducts,,daffyducts.com,"Snellville, GA",pixel
Zerorez,,zerorezatlanta.com,"Norcross, GA",pixel
Integrity Air Care,,integrityaircare.com,"Sandy Springs, GA",pixel
Duct Masters Cleaning,info@ductmasterscleaning.com,ductmasterscleaning.com,"Miami Beach, FL",pixel
Air Duct Cleaning Miami,airductcleaningmiamiflorida@gmail.com,airductcleaningmiamifl.com,"Hallandale Beach, FL",pixel
Florida Clean Air Plus,contact@floridacleanairplus.com,floridacleanairplus.com,"North Miami Beach, FL",pixel
Zerorez,,zerorez.com,"Phoenix, AZ",pixel
A Z Air Duct,info@azairduct.com,azairduct.com,"Tempe, AZ",pixel
Delta Clean Air,office@deltaairductcleaning.com,deltaairductcleaning.com,"Boston, MA",pixel
Green Line Air Duct Cleaning,green.line@mail.com,greenlineairduct.com,"Quincy, MA",pixel
Anderson Air Duct Cleaning,,andersonairductcleaning.com,"Centerville, MA",pixel
RKM Heating and Air Conditioning,,rkmair.com,"Riverside, CA",pixel
Drew’s dryer vent cleaning,drewsdvc@gmail.com,drewsdryerventcleaning.com,"Riverside, CA",pixel
Direct AC,info@directac.com,directac.com,"Riverside, CA",pixel
Safety King Air Duct Cleaning,info@safetyking.com,safetyking.com,"Shelby Township, MI",pixel
Amistee Air Duct Cleaning and Insulation,,amistee.com,"Novi, MI",pixel
Zeppelin Cleaning Services,,zepservices.com,"St Clair Shores, MI",pixel
Ductz of Mid Michigan,,ductz.com,"Jackson, MI",pixel
Seattle Dryer Vent Cleaning,info@seattledryerventcleaning.com,seattledryerventcleaning.com,"Seattle, WA",pixel
Capitol Duct Cleaning,office@capitolductcleaning.com,capitolductcleaning.com,"Spanaway, WA",pixel
Alpine Specialty Services,,alpineclean.com,"Mountlake Terrace, WA",pixel
Greenwood Heating and Home Services,info@greenwoodheating.com,greenwoodheating.com,"Seattle, WA",pixel
Sonic Air Duct,info@sonicairduct.com,sonicairduct.com,"Bellevue, WA",pixel
Evergreen Home Heating and Energy,,evergreenhomeheatingandenergy.com,"Seattle, WA",pixel
AirGanic,hello@airganic.com,airganic.com,"Edmonds, WA",pixel
The Duct Cleaners,,seattleductcleaners.com,"Lynnwood, WA",pixel
Kura Home,info@kurahome.com,kurahome.com,"Golden Valley, MN",pixel
Twin Cities Finest,,twincitiesfinest.com,"St Paul, MN",pixel
Gray Duct Heating • Cooling • Air Duct Cleaning,,grayducttechnologies.com,"Savage, MN",pixel
Sky Clean Air,,skycleanair.com,"San Diego, CA",pixel
Express Air Duct Cleaning,,express-airductcleaning.com,"Tampa, FL",pixel
Clean Sweep Duct Cleaning & Air Conditioning,,cleansweepductsac.com,"Tampa, FL",pixel
Bright Air Duct Cleaning,info@brightairductcleaning.com,brightairductcleaning.com,"Tampa, FL",pixel
Clean Air Pros,info@cleanairprosfl.com,cleanairprosfl.com,"Temple Terrace, FL",pixel
Air Titans,support@airtitans.com,airtitans.com,"Tampa, FL",pixel
Monster Vac,info@monstervac.com,monstervac.com,"Englewood, CO",pixel
Apex Clean Air AC & Heating Repair,denver@apexcleanair.com,apexcleanair.com,"Denver, CO",pixel
Delintz Dryer Vent & Air Duct Cleaning,delintzco@outlook.com,delintzcolorado.com,"Brighton, CO",pixel
True Ducts,contact@trueducts.com,trueducts.com,"Baltimore, MD",pixel
"Air Duct Pros, Inc.",mwarfield@airductprosinc.com,airductprosinc.com,"Baltimore, MD",pixel
Pure Air Duct Cleaning Services,customerservice@pureairllc.com,pureairllc.com,"Owings Mills, MD",pixel
Hydro Clean,,hydro-clean.net,"Halethorpe, MD",pixel
Fresh Air Ducts,freshairducts29@gmail.com,freshairductsllc.com,"Owings Mills, MD",pixel
SafeAir Duct Care,,safeair2.com,"Imperial, MO",pixel
Classic Aire Care,,classicairecare.com,"St. Louis, MO",pixel
Hoffmann Brothers,,hoffmannbros.com,"Brentwood, MO",pixel
Cardinal Carpet & Air Duct Cleaning,mark.er.mueller@gmail.com,cardinalcarpetcleaner.com,"Wildwood, MO",pixel
Atmosphere Air Care,,atmosphereaircare.com,"University City, MO",pixel
Seliga Heating and Cooling,,seligaheatingandcooling.com,"St. Louis, MO",pixel
Deep Breath,,deepbreathflorida.com,"Orlando, FL",pixel
Air Flow Solutions,info@airflowsolutionsusa.com,airflowsolutionsusa.com,"Charlotte, NC",pixel
COIT Cleaning and Restoration,info@charlotte.coit.com,coit.com,"Fort Mill, SC",pixel
Patriot Dryer Vent Cleaning,info@cleanmydryervent.org,cleanmydryervent.org,"San Antonio, TX",pixel
America's Best Duct Cleaning and Sanitization,greggarcia349@gmail.com,americasbestairductcleaning.com,"San Antonio, TX",pixel
Southern Air duct Cleaning,,southernairductcleaning.com,"San Antonio, TX",pixel
Green Home Services - Duct Cleaning in San Antonio & Austin,support@green-home-services.com,green-home-services.com,"San Antonio, TX",pixel
Green Quality Air,,greenqualityair.com,"San Antonio, TX",pixel
Greenwood Duct Cleaning,,greenwoodairductcleaning.com,"San Antonio, TX",pixel
Willard Power Vac - Air Duct Cleaning,,willardductcleaning.com,"Portland, OR",pixel
PNW Duct Cleaning,info@pnwductcleaning.com,pnwductcleaning.com,"Portland, OR",pixel
Better Air Northwest,,betterairnorthwest.com,"Portland, OR",pixel
Power Vac LLC,,powervac.org,"Vancouver, WA",pixel
All Pro Duct Cleaning LLC,allpronw@gmail.com,allproductcleaningnw.com,"Vancouver, WA",pixel
Best Solution Services,bestsolutionsservicesllc@gmail.com,bestsolutionservices.com,"Portland, OR",pixel
Air Duct Cleaners LLC,,airductcleanersca.com,"Sacramento, CA",pixel
California Air Duct Cleaning,,calairductcleaning.com,"Roseville, CA",pixel
Superior Air Duct Cleaning,,superiorairduct.com,"New Brighton, PA",pixel
Sears Carpet & Air Duct Cleaning of Pittsburgh,,searsclean.com,"Pittsburgh, PA",pixel
Bactronix Corp.,,bactronix.com,"Moon Township, PA",pixel
Mold Medics,,moldmedics.com,"Carnegie, PA",pixel
Absolute Heating & Air,,goabsoluteair.com,"Pittsburgh, PA",pixel
Air Central,info@aircentralusa.com,aircentralusa.com,"Austin, TX",pixel
AusTex Air Duct Cleaning,austexductcleaning@gmail.com,austexairductcleaningservice.com,"Austin, TX",pixel
Duct-Pro,info@duct-pro.com,duct-pro.com,"Las Vegas, NV",pixel
Nevada Residential Services Air Conditioning & Heating,info@nrs.vegas,nrs.vegas,"Las Vegas, NV",pixel
LV Air Duct Cleaning,roseroiase333@gmail.com,lv-air-duct-cleaning.ueniweb.com,"Las Vegas, NV",pixel
Unified Air Duct,,uairduct.com,"Las Vegas, NV",pixel
J & J Air Duct Cleaning & Decontamination,jandjairductcleaning@cox.net,jjairductcleaning.com,"Las Vegas, NV",pixel
Air Supply Heating and Cooling,,airsupplyinclv.com,"Las Vegas, NV",pixel
"Super Service Cooling, Heating & Plumbing",,mysuperservice.com,"Las Vegas, NV",pixel
"Quality Comfort Home Services HVAC, Plumbing, Duct Cleaning",,myqualitycomfort.com,"Cincinnati, OH",pixel
Apollo Home,,apollohome.com,"Cincinnati, OH",pixel
One Hour Heating & Air Conditioning,retailmarketing@authoritybrands.co,onehourheatandair.com,"Cincinnati, OH",pixel
Service Experts Cincinnati,,serviceexperts.com,"Sharonville, OH",pixel
Teasdale Fenton Cleaning & Property Restoration,,teasdalefenton.com,"Cincinnati, OH",pixel
Dry Effect,,dryeffect.com,"Cincinnati, OH",pixel
Voda Cleaning & Restoration of Cincinnati,,myvoda.com,"Cincinnati, OH",pixel
